"Reporting starts","Reporting ends","Campaign name","Campaign delivery","Attribution setting",Results,"Result indicator","Cost per results","Ad set budget","Ad set budget type","Amount spent (SAR)",Impressions,Reach,"Total messaging contacts","New messaging contacts",Purchases,Ends,"Cost per purchase (SAR)","Results (initial)","Results (initial) indicator"
2026-09-01,2026-09-30,"WhatsApp Sales Campaign",inactive,-,,,,"Using ad set budget",0,0,0,0,,,,Ongoing,,,
2026-09-01,2026-09-30,"Whatsapp Messgaing Campaign",inactive,-,,,,"Using ad set budget",0,0,0,0,,,,Ongoing,,,
2026-09-01,2026-09-30,"رسائل واتساب",inactive,-,,,,"Using ad set budget",0,0,0,0,,,,Ongoing,,,
2026-09-01,2026-09-30,"حملة الليد",inactive,-,,,,"Using ad set budget",0,0,0,0,,,,Ongoing,,,
2026-09-01,2026-09-30,"Whatsapp Messgaing Campaign",inactive,-,,,,"Using ad set budget",0,0,0,0,,,,Ongoing,,,
2026-09-01,2026-09-30,"Traffic Instagram",inactive,-,,,,"Using ad set budget",0,0,0,0,,,,Ongoing,,,
2026-09-01,2026-09-30,"Instagram Inbox",inactive,-,,,,"Using ad set budget",0,0,0,0,,,,Ongoing,,,
2026-09-01,2026-09-30,"Retargeting Messaging",inactive,-,,,,"Using ad set budget",0,0,0,0,,,,Ongoing,,,
2026-09-01,2026-09-30,"WhatsApp Messages",inactive,-,,,,"Using ad set budget",0,0,0,0,,,,Ongoing,,,
2026-09-01,2026-09-30,"Instagram Inbox July",inactive,-,,,,"Using ad set budget",0,0,0,0,,,,Ongoing,,,
2026-09-01,2026-09-30,"WhatsApp Messaging Campaign_Aug",inactive,-,,,,"Using ad set budget",0,0,0,0,,,,Ongoing,,,
2026-09-01,2026-09-30,"New Engagement Campaign",inactive,-,,,,"Using ad set budget",0,0,0,0,,,,Ongoing,,,
2026-09-01,2026-09-30,"Instagram Inbox Sep",inactive,-,,,,"Using ad set budget",0,0,0,0,,,,Ongoing,,,
2026-09-01,2026-09-30,"Instagram Inbox",inactive,-,,,,"Using ad set budget",0,0,0,0,,,,Ongoing,,,
2026-09-01,2026-09-30,"حملة وعي لبريدة",inactive,"7-day click or 1-day view",0,reach,,"Using ad set budget",0,0,0,0,,,,Ongoing,,,
2026-09-01,2026-09-30,"مبيعات واتساب",inactive,-,,,,"Using ad set budget",0,0,0,0,,,,Ongoing,,,
2026-09-01,2026-09-30,"ترافيك واتساب",inactive,-,,,,"Using ad set budget",0,0,0,0,,,,Ongoing,,,
2026-09-01,2026-09-30,"Instagram_Inbox Leads",inactive,-,,,,"Using ad set budget",0,0,0,0,,,,Ongoing,,,
2026-09-01,2026-09-30,"Instagram_Inbox Traffic",inactive,-,,,,"Using ad set budget",0,0,0,0,,,,Ongoing,,,
2026-09-01,2026-09-30,"WhatsApp Messaging Campaign_FEB Elrwaf",inactive,-,,,,72.8,Daily,0,0,0,,,,Ongoing,,,
2026-09-01,2026-09-30,"حملة الرقم الجديد 11/4/2026",inactive,-,,,,"Using ad set budget",0,0,0,0,,,,Ongoing,,,
2026-09-01,2026-09-30,"Sales 13/4/2026",inactive,-,,,,"Using ad set budget",0,0,0,0,,,,Ongoing,,,
2026-09-01,2026-09-30,"حملة تفاعل واتساب 14/4/2026",active,"7-day click or 1-day view",1024,actions:onsite_conversion.messaging_conversation_started_7d,1.20944336,"Using ad set budget",0,1238.47,254503,102693,1077,903,1,Ongoing,1238.47,,
2026-09-01,2026-09-30,"New Sales Campaign 1/9/2026",inactive,"7-day click or 1-day view",347,actions:onsite_conversion.messaging_conversation_started_7d,3.38985591,"Using ad set budget",0,1176.28,136144,51221,359,306,,Ongoing,,,
2026-09-01,2026-09-30,"اليوم الوطني 96",inactive,"7-day click or 1-day view",1353,actions:omni_landing_page_view,0.22987435,"Using ad set budget",0,311.02,91448,49240,41,35,3,Ongoing,103.673333,,
2026-09-01,2026-09-30,"AutoParts - WhatsApp Messaging Campaign",inactive,"7-day click or 1-day view",,,,"Using ad set budget",0,0,0,0,,,,Ongoing,,,
